banmai,linhsan,minhquang
https://file01.fpt.ai/text2speech-v5/short/2023-12-18/dce9fab4afcaedc648291c07bc82cd5e.mp3,https://file01.fpt.ai/text2speech-v5/short/2023-12-18/7bcfa22dd6af38d08a0bfffddccd55ff.mp3,https://file01.fpt.ai/text2speech-v5/short/2023-12-18/f920f21d18af5caa4f35de5a7b45d240.mp3
https://file01.fpt.ai/text2speech-v5/short/2023-12-18/9745bc004f1761ff70107da0330d7efd.mp3,https://file01.fpt.ai/text2speech-v5/short/2023-12-18/34e6ebb764b9b16bf99877c13cd50349.mp3,https://file01.fpt.ai/text2speech-v5/short/2023-12-18/1ea635404e35a980c128dadb0919bf0f.mp3
https://file01.fpt.ai/text2speech-v5/short/2023-12-18/be8421a089c807b106da4c9232e48c91.mp3,https://file01.fpt.ai/text2speech-v5/short/2023-12-18/2887dc8d29f654c66458b653330c87df.mp3,https://file01.fpt.ai/text2speech-v5/short/2023-12-18/2d4b68c2a7452e13c7710075a107c240.mp3
https://file01.fpt.ai/text2speech-v5/short/2023-12-18/8e68d0c073856e6b67170385a93993e0.mp3,https://file01.fpt.ai/text2speech-v5/short/2023-12-18/41c82b910387495f265f63d15a374ec2.mp3,https://file01.fpt.ai/text2speech-v5/short/2023-12-18/21a5ed60d95c8ddc747dbd7dd57f5eea.mp3
https://file01.fpt.ai/text2speech-v5/short/2023-12-18/f9d53a81c9bb7ec4debcbf8c0dbd6741.mp3,https://file01.fpt.ai/text2speech-v5/short/2023-12-18/58330e409783512921dff75ea8be4451.mp3,https://file01.fpt.ai/text2speech-v5/short/2023-12-18/1b5facbcfb6a9f915db79d800fb066e2.mp3
https://file01.fpt.ai/text2speech-v5/short/2023-12-18/48fc7a21ad97142ee751ab9e5023bb3e.mp3,https://file01.fpt.ai/text2speech-v5/short/2023-12-18/dbb00184157a9c2dd1acc7b2f2380353.mp3,https://file01.fpt.ai/text2speech-v5/short/2023-12-18/ce3f2d0007dd2d9d91fe91fd4d58a31b.mp3
https://file01.fpt.ai/text2speech-v5/short/2023-12-18/6c95f09c6496b0262172c6e14e1628ea.mp3,https://file01.fpt.ai/text2speech-v5/short/2023-12-18/cde9e738e0a005a2500ef7195c75909e.mp3,https://file01.fpt.ai/text2speech-v5/short/2023-12-18/157339753a29da927a689b2b2af826b0.mp3
https://file01.fpt.ai/text2speech-v5/short/2023-12-18/2e9d40b5c2bcbb2802eccd58cd97e605.mp3,https://file01.fpt.ai/text2speech-v5/short/2023-12-18/f02be7e95faf5b654961c6ea1ce15752.mp3,https://file01.fpt.ai/text2speech-v5/short/2023-12-18/2f7a3fec6ff9db9120149d3c90bac15d.mp3
https://file01.fpt.ai/text2speech-v5/short/2023-12-18/627458b9e2291a83a1d49b3d87d4235b.mp3,https://file01.fpt.ai/text2speech-v5/short/2023-12-18/202663086691dff06ff92d8992ec654d.mp3,https://file01.fpt.ai/text2speech-v5/short/2023-12-18/1a701c6a00cd483687b23da7aa0eb9c7.mp3
https://file01.fpt.ai/text2speech-v5/short/2023-12-18/db7bc3c4e7f0e419b8840d448d3d3923.mp3,https://file01.fpt.ai/text2speech-v5/short/2023-12-18/808b76fdccdc316a42e73181677224da.mp3,https://file01.fpt.ai/text2speech-v5/short/2023-12-18/364184d6fdc4401e722d5416460a9a76.mp3
https://file01.fpt.ai/text2speech-v5/short/2023-12-18/dee5cb5c1fc3c1547e0cd9ad53f8ed15.mp3,https://file01.fpt.ai/text2speech-v5/short/2023-12-18/6c60cb4e722169d83e1bd5fbe488f1e6.mp3,https://file01.fpt.ai/text2speech-v5/short/2023-12-18/a7ab6f1c73602479863b324a52e96e18.mp3
https://file01.fpt.ai/text2speech-v5/short/2023-12-18/80d61d36cbf1d748160e8bd2adb86419.mp3,https://file01.fpt.ai/text2speech-v5/short/2023-12-18/132825f60463fbe123ead37d59884432.mp3,https://file01.fpt.ai/text2speech-v5/short/2023-12-18/1f4ac028d2ecd400b840d389bd688cfb.mp3
https://file01.fpt.ai/text2speech-v5/short/2023-12-18/c8168f0dbca93cbbbace204dadcd81fc.mp3,https://file01.fpt.ai/text2speech-v5/short/2023-12-18/fd37477b8231f3fb924f00ea11b585d5.mp3,https://file01.fpt.ai/text2speech-v5/short/2023-12-18/623d3479deb229e9e7e7e5e41020d73a.mp3
https://file01.fpt.ai/text2speech-v5/short/2023-12-18/abd5939990887bccab60b85754753d52.mp3,https://file01.fpt.ai/text2speech-v5/short/2023-12-18/6ca83b7fb259454859d090ffb126fafa.mp3,https://file01.fpt.ai/text2speech-v5/short/2023-12-18/277d06d66f976cbad5435a05d0ae69d2.mp3
https://file01.fpt.ai/text2speech-v5/short/2023-12-18/69edeb4c85457697969c039ec1d1e5ec.mp3,https://file01.fpt.ai/text2speech-v5/short/2023-12-18/a545fafdcb574a674f3218662cedd6a5.mp3,https://file01.fpt.ai/text2speech-v5/short/2023-12-18/37ea7c05e0a8459d0a22d7b3473ef5f8.mp3
https://file01.fpt.ai/text2speech-v5/short/2023-12-18/f04dd2cbbd5efb3b16142947f7442d8e.mp3,https://file01.fpt.ai/text2speech-v5/short/2023-12-18/eac47dbb3ff3f5ad5b0622227635eaf1.mp3,https://file01.fpt.ai/text2speech-v5/short/2023-12-18/838b7890ab3eac9cf685b271437260ad.mp3
https://file01.fpt.ai/text2speech-v5/short/2023-12-18/c6d7d40d325ec79a5d5203c178143a77.mp3,https://file01.fpt.ai/text2speech-v5/short/2023-12-18/55e1b928ac6d0c9447c7ba8e18c51865.mp3,https://file01.fpt.ai/text2speech-v5/short/2023-12-18/d34f0c7194009cd25ef6f13bb63d5b9c.mp3
https://file01.fpt.ai/text2speech-v5/short/2023-12-18/2a4a32ec48acb50d4865f15c5f13a637.mp3,https://file01.fpt.ai/text2speech-v5/short/2023-12-18/4022974bc43e7c08d920a218e085132a.mp3,https://file01.fpt.ai/text2speech-v5/short/2023-12-18/68f0ea12493e03dfb681088a26e19947.mp3
https://file01.fpt.ai/text2speech-v5/short/2023-12-18/a0315c81fba409eb99f755974d713cfd.mp3,https://file01.fpt.ai/text2speech-v5/short/2023-12-18/28b501e126c3a00b6f94f7d4b990338b.mp3,https://file01.fpt.ai/text2speech-v5/short/2023-12-18/98da568465158931619680b457260b0f.mp3
https://file01.fpt.ai/text2speech-v5/short/2023-12-18/fe90d0a62f193f76d4f294d856bd95a3.mp3,https://file01.fpt.ai/text2speech-v5/short/2023-12-18/c91e7576c99d381f52c17d9f7986cc9a.mp3,https://file01.fpt.ai/text2speech-v5/short/2023-12-18/bc2cf2e91bac4a51a036726e30588e73.mp3
https://file01.fpt.ai/text2speech-v5/short/2023-12-18/5e7b32906bb31b27197847c8e21f62f4.mp3,https://file01.fpt.ai/text2speech-v5/short/2023-12-18/1363659771118e67d0d081e0339cb4d5.mp3,https://file01.fpt.ai/text2speech-v5/short/2023-12-18/519c800b4e265e96d773d7aca37ff55e.mp3
https://file01.fpt.ai/text2speech-v5/short/2023-12-18/06b105103a282999779f9ed88b620d89.mp3,https://file01.fpt.ai/text2speech-v5/short/2023-12-18/8690de432d2aa72f1720d28e49f133f7.mp3,https://file01.fpt.ai/text2speech-v5/short/2023-12-18/bf86f36434d67afdc7d400a0b76e8bf4.mp3
https://file01.fpt.ai/text2speech-v5/short/2023-12-18/a9c0b8d450a62ddb4fe95da5b8f0aa85.mp3,https://file01.fpt.ai/text2speech-v5/short/2023-12-18/6d404486ba79c29a43a4ceec68304473.mp3,https://file01.fpt.ai/text2speech-v5/short/2023-12-18/94c05e1a561c72eb02be862377f0fc5e.mp3
https://file01.fpt.ai/text2speech-v5/short/2023-12-18/bfc9387349554015151f7235f7d30ddd.mp3,https://file01.fpt.ai/text2speech-v5/short/2023-12-18/992d8a692954ab7898a54a9847a6c564.mp3,https://file01.fpt.ai/text2speech-v5/short/2023-12-18/7a94670a2824d0f3e98b0612f84b8014.mp3
https://file01.fpt.ai/text2speech-v5/short/2023-12-18/126441ded14e407be4730dc3ae0703b3.mp3,https://file01.fpt.ai/text2speech-v5/short/2023-12-18/7131bc7290750d7c9044f8f43dcbf9c9.mp3,https://file01.fpt.ai/text2speech-v5/short/2023-12-18/63e607307e29cc70a2897332d5aedb72.mp3
https://file01.fpt.ai/text2speech-v5/short/2023-12-18/7c76b0f7decec84c3ba1a1aadc30f047.mp3,https://file01.fpt.ai/text2speech-v5/short/2023-12-18/55eef9499430fbf0fe7e28a98ee14f9a.mp3,https://file01.fpt.ai/text2speech-v5/short/2023-12-18/89d1b93dbd04cfdfd90cabf8e4cf5fac.mp3
https://file01.fpt.ai/text2speech-v5/short/2023-12-18/9fbb0a0034de7dd43bda9e1a528b1796.mp3,https://file01.fpt.ai/text2speech-v5/short/2023-12-18/229d1c8144a8d3bcf6135e8019b132a4.mp3,https://file01.fpt.ai/text2speech-v5/short/2023-12-18/d66acc238e1517f0498f2b2de0b25b3c.mp3
https://file01.fpt.ai/text2speech-v5/short/2023-12-18/9068c64e727bf52d88971416ca4cd98c.mp3,https://file01.fpt.ai/text2speech-v5/short/2023-12-18/1582695e7090a1fb7c91a5f7f79ade67.mp3,https://file01.fpt.ai/text2speech-v5/short/2023-12-18/31a1a64969b1f04090bcf37fdbba9d88.mp3
https://file01.fpt.ai/text2speech-v5/short/2023-12-18/6e81214c3a9db850845aa16f3051b86d.mp3,https://file01.fpt.ai/text2speech-v5/short/2023-12-18/8bc2f3671731d26c010672dc66cb8f24.mp3,https://file01.fpt.ai/text2speech-v5/short/2023-12-18/0a733d6ce947728c719593e02bf28547.mp3
https://file01.fpt.ai/text2speech-v5/short/2023-12-18/62e496ec60b99168049f229849ea5cb5.mp3,https://file01.fpt.ai/text2speech-v5/short/2023-12-18/3889c51a704c593f112c76a80f65638f.mp3,https://file01.fpt.ai/text2speech-v5/short/2023-12-18/6557d345ab8af2964331780fea62683b.mp3
https://file01.fpt.ai/text2speech-v5/short/2023-12-18/635f1b14140c43599b61b5c59aaeae8a.mp3,https://file01.fpt.ai/text2speech-v5/short/2023-12-18/eac78ced3ebcf9acc7343ca8b398e5b2.mp3,https://file01.fpt.ai/text2speech-v5/short/2023-12-18/c91b588d02d18e4bbe164805c624e375.mp3
https://file01.fpt.ai/text2speech-v5/short/2023-12-18/a9ca02970b4cfbcdebfb7e900b98f63b.mp3,https://file01.fpt.ai/text2speech-v5/short/2023-12-18/4042ae68989df6d8a585a29267b8e9a2.mp3,https://file01.fpt.ai/text2speech-v5/short/2023-12-18/7c2e0ece3318b11641dc83590408fc9f.mp3
https://file01.fpt.ai/text2speech-v5/short/2023-12-18/af9c87dd23a2ea4aec2036928f41ad92.mp3,https://file01.fpt.ai/text2speech-v5/short/2023-12-18/90b69e2997ac158159dfaf46b9f40726.mp3,https://file01.fpt.ai/text2speech-v5/short/2023-12-18/05978ba72642bb66e93328ed95e9a472.mp3
https://file01.fpt.ai/text2speech-v5/short/2023-12-18/0f89c1b4f281dd629277e7199da5bb3a.mp3,https://file01.fpt.ai/text2speech-v5/short/2023-12-18/04093da4727f994a1086c5ad7ddfe88b.mp3,https://file01.fpt.ai/text2speech-v5/short/2023-12-18/8ef1d78b6fb52ae251bfda8ed534a145.mp3
https://file01.fpt.ai/text2speech-v5/short/2023-12-18/5f088c71d878bbce630ad264bc4ac290.mp3,https://file01.fpt.ai/text2speech-v5/short/2023-12-18/53ee50116ad9aba8a598924f3cebce04.mp3,https://file01.fpt.ai/text2speech-v5/short/2023-12-18/d2f3f53420a21d69168c64fce3bd0288.mp3
https://file01.fpt.ai/text2speech-v5/short/2023-12-18/591738e3926679a67b154d96d8653373.mp3,https://file01.fpt.ai/text2speech-v5/short/2023-12-18/2f9c85327e46bc8e7f562dc30aab3007.mp3,https://file01.fpt.ai/text2speech-v5/short/2023-12-18/64a12f8a376fb2f20e2c7c545c80986c.mp3
https://file01.fpt.ai/text2speech-v5/short/2023-12-18/d8ca2053495a8277c642b9e09d2eee23.mp3,https://file01.fpt.ai/text2speech-v5/short/2023-12-18/f41ec38909d540c5e365b4d392b27a9a.mp3,https://file01.fpt.ai/text2speech-v5/short/2023-12-18/365d2567fa8715195fbd3b4f82055564.mp3
https://file01.fpt.ai/text2speech-v5/short/2023-12-18/887514e2979f03c0f511014e32e87010.mp3,https://file01.fpt.ai/text2speech-v5/short/2023-12-18/66f84c1bfa81438ba7abdafdf603ed62.mp3,https://file01.fpt.ai/text2speech-v5/short/2023-12-18/e50367adc38f6fd31c0649c2981d1fea.mp3
https://file01.fpt.ai/text2speech-v5/short/2023-12-18/cff6a23c19728eb516e386602032ccae.mp3,https://file01.fpt.ai/text2speech-v5/short/2023-12-18/2f44d6b769522ab85e373b2995011ae3.mp3,https://file01.fpt.ai/text2speech-v5/short/2023-12-18/e5028c479adc633b219448c70666e7f4.mp3
https://file01.fpt.ai/text2speech-v5/short/2023-12-18/d3bf146e92493aa4ff2f2e2b429d6da1.mp3,https://file01.fpt.ai/text2speech-v5/short/2023-12-18/d748f599a47b39dc8b717ecfcc3caa8f.mp3,https://file01.fpt.ai/text2speech-v5/short/2023-12-18/b13aa81422a09165ee8df559d4c88d3a.mp3
https://file01.fpt.ai/text2speech-v5/short/2023-12-18/86b9201f3828af4f26020d1904005426.mp3,https://file01.fpt.ai/text2speech-v5/short/2023-12-18/5a228fffd3c674976545d7146d395e0d.mp3,https://file01.fpt.ai/text2speech-v5/short/2023-12-18/e38b6d5a6f34f9f2c2aad09ba3cffff8.mp3
https://file01.fpt.ai/text2speech-v5/short/2023-12-18/b450d4d8b9f0289c51b06eef8eae1c53.mp3,https://file01.fpt.ai/text2speech-v5/short/2023-12-18/6b6037bf7ac124949a672096554fbd81.mp3,https://file01.fpt.ai/text2speech-v5/short/2023-12-18/697c2b1432a23345a96d590ed6ee1b09.mp3
https://file01.fpt.ai/text2speech-v5/short/2023-12-18/147d4362f0952faf64b321342407302e.mp3,https://file01.fpt.ai/text2speech-v5/short/2023-12-18/1dfa4cce81685ffb930aafada9c7b080.mp3,https://file01.fpt.ai/text2speech-v5/short/2023-12-18/fdfe46fdd664defee56be20c23a02620.mp3
https://file01.fpt.ai/text2speech-v5/short/2023-12-18/e20a1bbc12ed70b304b9ca591601be2d.mp3,https://file01.fpt.ai/text2speech-v5/short/2023-12-18/c9c16767c2449617091eea64c60f2236.mp3,https://file01.fpt.ai/text2speech-v5/short/2023-12-18/2c8091512c4ceebcd9d9d6d3dddd21fc.mp3
https://file01.fpt.ai/text2speech-v5/short/2023-12-18/2c94c4b3bc22c1c9324b8390534cf011.mp3,https://file01.fpt.ai/text2speech-v5/short/2023-12-18/54228bd8c1034d0f8699e7f4257bdd0a.mp3,https://file01.fpt.ai/text2speech-v5/short/2023-12-18/f7f54e412a610b440261a70d1e158ccc.mp3
https://file01.fpt.ai/text2speech-v5/short/2023-12-18/bf56e202ca666336aa0122b92a5edb09.mp3,https://file01.fpt.ai/text2speech-v5/short/2023-12-18/97eb43eaa5386b9b397034f2dda2a864.mp3,https://file01.fpt.ai/text2speech-v5/short/2023-12-18/6c7e9abff4674c88f8e02c122579d9db.mp3
https://file01.fpt.ai/text2speech-v5/short/2023-12-18/db0923b62b97b137336ae7ac07ab21b4.mp3,https://file01.fpt.ai/text2speech-v5/short/2023-12-18/136d375af982d99949ed7ccc2a290a45.mp3,https://file01.fpt.ai/text2speech-v5/short/2023-12-18/aaa1b0f61a89394891e959514ac014f9.mp3
https://file01.fpt.ai/text2speech-v5/short/2023-12-18/c8d2d33cafd4990a9330e1613bf6cb41.mp3,https://file01.fpt.ai/text2speech-v5/short/2023-12-18/7e20a99f43abfeb8302ec40c087f54c9.mp3,https://file01.fpt.ai/text2speech-v5/short/2023-12-18/aa5e59d6c20130620496817b54c60290.mp3
https://file01.fpt.ai/text2speech-v5/short/2023-12-18/2eb4d9101729217a1aa9fb9cb6c1b1a4.mp3,https://file01.fpt.ai/text2speech-v5/short/2023-12-18/c3f9b96471a8624c2f86b926972c1337.mp3,https://file01.fpt.ai/text2speech-v5/short/2023-12-18/d69c8428487ee9652758b44f96e0b1e8.mp3
https://file01.fpt.ai/text2speech-v5/short/2023-12-18/dceaa114eca8b2f0ce681ae12267e5b9.mp3,https://file01.fpt.ai/text2speech-v5/short/2023-12-18/ffe77eba8b16a37976d42ab1d2272c63.mp3,https://file01.fpt.ai/text2speech-v5/short/2023-12-18/0c90b35390f0469567a18ed00049d046.mp3
https://file01.fpt.ai/text2speech-v5/short/2023-12-18/7969525f1872201f8a8032018256c0d9.mp3,https://file01.fpt.ai/text2speech-v5/short/2023-12-18/f3941390be27ff088356fec2bc24f0a9.mp3,https://file01.fpt.ai/text2speech-v5/short/2023-12-18/ffd8badc63f9e6b3d931dfbc6665d745.mp3
https://file01.fpt.ai/text2speech-v5/short/2023-12-18/d7e5fd133b0661573627c63f9754fe60.mp3,https://file01.fpt.ai/text2speech-v5/short/2023-12-18/82311df0a16c1e4fba31570944ff1c9f.mp3,https://file01.fpt.ai/text2speech-v5/short/2023-12-18/4b7719b1ea55ea551d400d1c42632baa.mp3
https://file01.fpt.ai/text2speech-v5/short/2023-12-18/677946650d28d9f6dd67a82a908c96b8.mp3,https://file01.fpt.ai/text2speech-v5/short/2023-12-18/ce95978883cc4bc6be196fd2b889c559.mp3,https://file01.fpt.ai/text2speech-v5/short/2023-12-18/c4a554ef86e908220680b7e8627bbb15.mp3
https://file01.fpt.ai/text2speech-v5/short/2023-12-18/656be7e341ee314a08e13c7cfcd8d861.mp3,https://file01.fpt.ai/text2speech-v5/short/2023-12-18/d18b26613271b4402cf45c9faa59279c.mp3,https://file01.fpt.ai/text2speech-v5/short/2023-12-18/7ab7d59c0465b011a330b838379bab25.mp3
https://file01.fpt.ai/text2speech-v5/short/2023-12-18/9521d6e63059e3f7d5cff6081058c25e.mp3,https://file01.fpt.ai/text2speech-v5/short/2023-12-18/5d2c82fe63c6c21129376e8055f1840f.mp3,https://file01.fpt.ai/text2speech-v5/short/2023-12-18/1bd1ff140907982198238c3028fb3dff.mp3
https://file01.fpt.ai/text2speech-v5/short/2023-12-18/d772b377b7ee676474c6342f6549ad87.mp3,https://file01.fpt.ai/text2speech-v5/short/2023-12-18/a716e354942903bc694151163c024dfb.mp3,https://file01.fpt.ai/text2speech-v5/short/2023-12-18/17c5eb2026ce79f44ae5111e464c6149.mp3
https://file01.fpt.ai/text2speech-v5/short/2023-12-18/f8c52c8bea87623b198ed592128fdeb8.mp3,https://file01.fpt.ai/text2speech-v5/short/2023-12-18/73f1fd1619c825a46d40a19d2e4ecd3e.mp3,https://file01.fpt.ai/text2speech-v5/short/2023-12-18/2d45255b28bcd555fc2405abb767cc1b.mp3
https://file01.fpt.ai/text2speech-v5/short/2023-12-18/d440105e7cb991d133107f6c6c6d109d.mp3,https://file01.fpt.ai/text2speech-v5/short/2023-12-18/fea47732f9b6518edd244ef10ee7b142.mp3,https://file01.fpt.ai/text2speech-v5/short/2023-12-18/db2ba3224e698c2f0119606bf3240838.mp3
https://file01.fpt.ai/text2speech-v5/short/2023-12-18/56fe63022b5bb1037e85bdf7fb05ae88.mp3,https://file01.fpt.ai/text2speech-v5/short/2023-12-18/1f67944270d9f98349b6069e536c8673.mp3,https://file01.fpt.ai/text2speech-v5/short/2023-12-18/758fc6f4f45c80870edcdc0ad6ca19ba.mp3
https://file01.fpt.ai/text2speech-v5/short/2023-12-18/d50420bc7092279724981aaf8f632038.mp3,https://file01.fpt.ai/text2speech-v5/short/2023-12-18/84cb84d1a2be7417148153a3ca5e8a54.mp3,https://file01.fpt.ai/text2speech-v5/short/2023-12-18/caa4193bbfc0962d3f9cb54c3058438c.mp3
https://file01.fpt.ai/text2speech-v5/short/2023-12-18/b6b548f48444993f47060846b6bcf004.mp3,https://file01.fpt.ai/text2speech-v5/short/2023-12-18/f38231239e91cc3720421375a2541308.mp3,https://file01.fpt.ai/text2speech-v5/short/2023-12-18/bb202ae66ef2b3991e03c2c78d3c8a06.mp3
https://file01.fpt.ai/text2speech-v5/short/2023-12-18/09cc058cebdad0f0681ac202aeba41c7.mp3,https://file01.fpt.ai/text2speech-v5/short/2023-12-18/02134bb90ae3ff2bdf0a963e2dddeba4.mp3,https://file01.fpt.ai/text2speech-v5/short/2023-12-18/01012d4168765d3ec1bd86ae3ae71fb8.mp3
https://file01.fpt.ai/text2speech-v5/short/2023-12-18/eeb7c20614b61cc59acdeb71696cf093.mp3,https://file01.fpt.ai/text2speech-v5/short/2023-12-18/886539890d48ee85f6d1e81d308cb530.mp3,https://file01.fpt.ai/text2speech-v5/short/2023-12-18/88417ae671f91d88189f4779508a3077.mp3
https://file01.fpt.ai/text2speech-v5/short/2023-12-18/13296b8187b4bcb194c792e5b04c95aa.mp3,https://file01.fpt.ai/text2speech-v5/short/2023-12-18/8a2bfb775a978e5c42a099aae79aace8.mp3,https://file01.fpt.ai/text2speech-v5/short/2023-12-18/9e4186cd2b07c8970c66e3c59ae1011d.mp3
https://file01.fpt.ai/text2speech-v5/short/2023-12-18/2fa2a97f08b127c525ecf5f0328144fd.mp3,https://file01.fpt.ai/text2speech-v5/short/2023-12-18/388dcde66746a25fc6bddf4b4741057b.mp3,https://file01.fpt.ai/text2speech-v5/short/2023-12-18/fdde9d5923daab02a73d58c27e542288.mp3
https://file01.fpt.ai/text2speech-v5/short/2023-12-18/a035451e565e546cd6c707fed054b950.mp3,https://file01.fpt.ai/text2speech-v5/short/2023-12-18/3ae23f12bec18bbb6afbbb18eb89a729.mp3,https://file01.fpt.ai/text2speech-v5/short/2023-12-18/4a09a15a288948be248b83af45cd17aa.mp3
https://file01.fpt.ai/text2speech-v5/short/2023-12-18/1eae7aa314433de96082c1442059c77b.mp3,https://file01.fpt.ai/text2speech-v5/short/2023-12-18/191a5fe492311d63284faf0e41eeb808.mp3,https://file01.fpt.ai/text2speech-v5/short/2023-12-18/9c597c658b3464b93876417493ccc41e.mp3
https://file01.fpt.ai/text2speech-v5/short/2023-12-18/5f76e58f50ef5e5c8882479b49fdebea.mp3,https://file01.fpt.ai/text2speech-v5/short/2023-12-18/34f243771f7b06d2e02f29f576a4bf70.mp3,https://file01.fpt.ai/text2speech-v5/short/2023-12-18/2c3362bcbbcbd91fcfb71d7e9f3d8b29.mp3
https://file01.fpt.ai/text2speech-v5/short/2023-12-18/b6b5214bf0003dff40471c569808e523.mp3,https://file01.fpt.ai/text2speech-v5/short/2023-12-18/cee647d93178945fb24cbec8f6837957.mp3,https://file01.fpt.ai/text2speech-v5/short/2023-12-18/41f1d8710a1a27a3e392f9382f2b5119.mp3
https://file01.fpt.ai/text2speech-v5/short/2023-12-18/a5bc6d9564c2d53694f0da24b004b58f.mp3,https://file01.fpt.ai/text2speech-v5/short/2023-12-18/46c8a91289027334aa8df36300f7a676.mp3,https://file01.fpt.ai/text2speech-v5/short/2023-12-18/c85969adf94bc4aaad65e3d5966f4198.mp3
https://file01.fpt.ai/text2speech-v5/short/2023-12-18/389b597dfafce705a7c87bdd65e93e7f.mp3,https://file01.fpt.ai/text2speech-v5/short/2023-12-18/4d4b5abbba5856f290a4af26bf7cabf5.mp3,https://file01.fpt.ai/text2speech-v5/short/2023-12-18/0ea2dfcc92fe57f3f0b01e4025b06c98.mp3
https://file01.fpt.ai/text2speech-v5/short/2023-12-18/d76d894be937a570dbd7f9034acba6eb.mp3,https://file01.fpt.ai/text2speech-v5/short/2023-12-18/cdd7b7a60f876ca9e62fe8bf19440c24.mp3,https://file01.fpt.ai/text2speech-v5/short/2023-12-18/492acf41758db109f5a2fab4b474351f.mp3
https://file01.fpt.ai/text2speech-v5/short/2023-12-18/5a28952778439616a0578c3a5347b7c3.mp3,https://file01.fpt.ai/text2speech-v5/short/2023-12-18/7979ab9074f6db3361a0d36590cc3a20.mp3,https://file01.fpt.ai/text2speech-v5/short/2023-12-18/75ec6caf506b01da69b115c4870ede25.mp3
https://file01.fpt.ai/text2speech-v5/short/2023-12-18/68b94ee05ab9be0a1ff3e84f6cef4680.mp3,https://file01.fpt.ai/text2speech-v5/short/2023-12-18/b26694e4cdbf80b1dfa15070a73e67cf.mp3,https://file01.fpt.ai/text2speech-v5/short/2023-12-18/9dde970bf951cd73484904e956354934.mp3
https://file01.fpt.ai/text2speech-v5/short/2023-12-18/44d606555d49fdabb7d62496f6ad9d63.mp3,https://file01.fpt.ai/text2speech-v5/short/2023-12-18/07915fb4372c871c2855e9e34d213e55.mp3,https://file01.fpt.ai/text2speech-v5/short/2023-12-18/62d580c9df0c70ca14fe6a0001220170.mp3
https://file01.fpt.ai/text2speech-v5/short/2023-12-18/95e88e67e731693414aba7c15142f0c9.mp3,https://file01.fpt.ai/text2speech-v5/short/2023-12-18/4b963b1f51907112ba53e172181bfbd1.mp3,https://file01.fpt.ai/text2speech-v5/short/2023-12-18/83898f050bd4c1edf16de34aff409407.mp3
https://file01.fpt.ai/text2speech-v5/short/2023-12-18/872edc66b8c5a07924a982d014f19a6d.mp3,https://file01.fpt.ai/text2speech-v5/short/2023-12-18/dc72a8bf00850c2fe0196140538a573c.mp3,https://file01.fpt.ai/text2speech-v5/short/2023-12-18/18ea9eedb0412637db295c1b05c42b55.mp3
